theta,seed,m_tau50,m_tau70,m_tau90,m_mean,d_a,d_b,d_mean,d_avg_arm,loss_parent_a,loss_parent_b,self_merge_d,params_merged
0.0,0,0.8857421875,0.5908203125,0.27734375,0.7326390743255615,0.6628549695014954,1.183380663394928,0.9231178164482117,0.9959136247634888,0.6937351822853088,0.6826110482215881,0.000985652208328247,405504
0.0,1,0.875,0.505859375,0.1884765625,0.7079415917396545,0.6249058246612549,0.714335024356842,0.6696204245090485,0.7437889277935028,0.6842197179794312,0.681616485118866,0.0004018843173980713,405504
0.0,2,0.900390625,0.5546875,0.1875,0.7197785973548889,0.6888290047645569,0.7374120354652405,0.7131205201148987,0.7521620988845825,0.6815922856330872,0.6807951331138611,0.0019362866878509521,405504
0.1,0,0.88671875,0.591796875,0.2705078125,0.7339338064193726,0.6467325687408447,1.159610092639923,0.9031713306903839,0.9794850051403046,0.6858166456222534,0.6850045323371887,0.0009097158908843994,405504
0.1,1,0.880859375,0.5078125,0.197265625,0.7142382860183716,0.6029952764511108,0.6417818069458008,0.6223885416984558,0.7309943437576294,0.6842615604400635,0.6813124418258667,0.0008632242679595947,405504
0.1,2,0.8828125,0.5361328125,0.1962890625,0.7158199548721313,0.6671572923660278,0.6650225520133972,0.6660899221897125,0.6991146504878998,0.6885806322097778,0.6799315810203552,0.0028118789196014404,405504
0.2,0,0.880859375,0.5556640625,0.26953125,0.7261375784873962,0.5458398461341858,1.079648494720459,0.8127441704273224,0.9348880350589752,0.6907593607902527,0.6839452981948853,0.00194549560546875,405504
0.2,1,0.869140625,0.5322265625,0.1806640625,0.7063754200935364,0.5147943496704102,0.5450899600982666,0.5299421548843384,0.6933848857879639,0.6846026182174683,0.6798299551010132,0.001948028802871704,405504
0.2,2,0.818359375,0.50390625,0.1689453125,0.6799063086509705,0.5895810127258301,0.5536479949951172,0.5716145038604736,0.6090816855430603,0.6833083629608154,0.680396318435669,0.0019932985305786133,405504
0.3,0,0.8701171875,0.556640625,0.2783203125,0.7297285795211792,0.5786479115486145,1.1461762189865112,0.8624120652675629,0.9054805338382721,0.687252938747406,0.6810463666915894,0.0028657615184783936,405504
0.3,1,0.8779296875,0.5263671875,0.16796875,0.7098735570907593,0.5077220797538757,0.5027136206626892,0.5052178502082825,0.6187563538551331,0.6875281929969788,0.684700071811676,0.001125633716583252,405504
0.3,2,0.8681640625,0.51953125,0.1806640625,0.7005869150161743,0.5687513947486877,0.5762084126472473,0.5724799036979675,0.6103218197822571,0.6846807599067688,0.6799034476280212,0.0016238689422607422,405504
0.4,0,0.845703125,0.5703125,0.2734375,0.7234948873519897,0.452442467212677,1.0158239603042603,0.7341332137584686,0.8734174072742462,0.6876434683799744,0.6806783676147461,0.0031192004680633545,405504
0.4,1,0.888671875,0.5341796875,0.1767578125,0.7144150733947754,0.4192887544631958,0.46856915950775146,0.44392895698547363,0.5574424266815186,0.6853655576705933,0.6821883916854858,0.0008977055549621582,405504
0.4,2,0.8779296875,0.5595703125,0.1826171875,0.7144488096237183,0.466838002204895,0.46973752975463867,0.46828776597976685,0.5537866950035095,0.6818017959594727,0.6812223196029663,0.0014550983905792236,405504
0.5,0,0.8798828125,0.603515625,0.296875,0.7420634031295776,0.3979334831237793,1.0664998292922974,0.7322166562080383,0.8434839844703674,0.6877554655075073,0.6830596923828125,0.001431971788406372,405504
0.5,1,0.8837890625,0.53515625,0.185546875,0.7139564156532288,0.3591189384460449,0.424217164516449,0.39166805148124695,0.4730099141597748,0.6838310956954956,0.6811010241508484,-2.9385089874267578e-05,405504
0.5,2,0.8857421875,0.55859375,0.177734375,0.713972806930542,0.4522612690925598,0.5027538537979126,0.4775075614452362,0.5310481488704681,0.6856021285057068,0.6790226697921753,0.0013117790222167969,405504
0.6,0,0.8994140625,0.6015625,0.2783203125,0.7400472164154053,0.338779091835022,1.067966341972351,0.7033727169036865,0.8193525075912476,0.6924254894256592,0.6845109462738037,0.002694368362426758,405504
0.6,1,0.88671875,0.5361328125,0.1884765625,0.7129952311515808,0.3271084427833557,0.38469427824020386,0.3559013605117798,0.530069887638092,0.6841467022895813,0.68406742811203,0.0023350417613983154,405504
0.6,2,0.87109375,0.52734375,0.1865234375,0.705068051815033,0.41370636224746704,0.43176698684692383,0.42273667454719543,0.49955829977989197,0.6859130263328552,0.6811646223068237,0.001414179801940918,405504
0.7,0,0.890625,0.5908203125,0.275390625,0.7416477799415588,0.22573637962341309,0.8227081894874573,0.5242222845554352,0.6567298769950867,0.6864985823631287,0.6814010739326477,-0.0003618299961090088,405504
0.7,1,0.9130859375,0.5732421875,0.2060546875,0.7317925691604614,0.20982468128204346,0.4160771369934082,0.31295090913772583,0.4591749906539917,0.6853421330451965,0.682844877243042,0.0014114081859588623,405504
0.7,2,0.8564453125,0.5703125,0.1943359375,0.710067868232727,0.3984062671661377,0.37082600593566895,0.3846161365509033,0.4168354272842407,0.6826454401016235,0.6800215244293213,0.0013456344604492188,405504
0.8,0,0.869140625,0.578125,0.2900390625,0.738603949546814,0.20898205041885376,0.8454499840736389,0.5272160172462463,0.6773621439933777,0.6900148987770081,0.6804412007331848,0.0034663379192352295,405504
0.8,1,0.890625,0.5595703125,0.197265625,0.7207428216934204,0.17953938245773315,0.28988492488861084,0.234712153673172,0.35209953784942627,0.683599054813385,0.6846540570259094,5.960464477539062e-07,405504
0.8,2,0.8828125,0.5654296875,0.2021484375,0.7173882126808167,0.28991562128067017,0.2981942892074585,0.29405495524406433,0.3437979519367218,0.6851160526275635,0.6791957020759583,0.0013537406921386719,405504
0.9,0,0.8818359375,0.6025390625,0.2783203125,0.7376956939697266,0.17509567737579346,0.7759475708007812,0.47552162408828735,0.6077167391777039,0.6916561126708984,0.6838136911392212,0.0005429983139038086,405504
0.9,1,0.8896484375,0.5693359375,0.19140625,0.7218832969665527,0.10795390605926514,0.1363329291343689,0.12214341759681702,0.24973022937774658,0.6852438449859619,0.6835931539535522,2.9802322387695312e-05,405504
0.9,2,0.8759765625,0.5869140625,0.2021484375,0.7180867791175842,0.15122896432876587,0.19189167022705078,0.17156031727790833,0.25843897461891174,0.6818440556526184,0.6796151399612427,0.001529991626739502,405504
1.0,0,0.875,0.6005859375,0.2919921875,0.7393543124198914,0.06525838375091553,0.7321727275848389,0.3987155556678772,0.4917854070663452,0.6921995282173157,0.6830965280532837,0.0005377531051635742,405504
1.0,1,0.9072265625,0.572265625,0.21484375,0.7334878444671631,0.04284381866455078,0.10509949922561646,0.07397165894508362,0.1806562840938568,0.682638943195343,0.683117151260376,-0.0007693767547607422,405504
1.0,2,0.8681640625,0.5478515625,0.1806640625,0.707770824432373,0.16482168436050415,0.19568389654159546,0.1802527904510498,0.24180004000663757,0.6838905811309814,0.6818923354148865,0.0013030469417572021,405504
